{
    "pdf_options": {
        "landscape": null,
        "display_header_footer": null,
        "print_background": true,
        "scale": null,
        "paper_width": 8.5,
        "paper_height": 14,
        "margin_top": 0,
        "margin_bottom": 0,
        "margin_left": null,
        "margin_right": null,
        "page_ranges": null,
        "ignore_invalid_page_ranges": null,
        "header_template": null,
        "footer_template": null,
        "prefer_css_page_size": null,
        "transfer_mode": null
    },
    "report_options": {
        "max_items_per_report": 100,
        "max_threads": 3
    },  
    "communication_templates": {
        "email_config": {
            "subject": "Sequent Online Voting - Ballot Images",
            "plaintext_body": "",
            "html_body": null
        },
        "sms_config": {
            "message": ""
        }
    }
}