{
  "execution_annotations": {
    "date_printed": "2024-10-09T14:30:00-04:00",
    "chairperson_name": "NAME OF CHAIRPERSON",
    "poll_clerk_name": "NAME OF POLL CLERK",
    "third_member_name": "NAME OF THIRD MEMBER",
    "app_hash": "e345de",
    "app_version": "6.0.1-rc.7",
    "report_hash": "N3r93NSYin/VqAiZcbrBpqcGdf7yTY/soxIoQ8eo9vHXi0rjARoxHVRU5zGmsvA550zB",
    "results_hash": "N3r93NSYin/VqAiZcbrBpqcGdf7yTY/soxIoQ8eo9vHXi0rjARoxHVRU5zGmsvA550zB",
    "executer_username": "User"
  },
  "reports": [
    {
      "election_id": "1",
      "election_name": "TOKYO PE",
      "election_description": "",
      "election_dates": {
        "first_started_at": "2024-11-08T00:00:00Z",
        "last_started_at": "2024-11-08T12:00:00Z",
        "first_paused_at": "2024-11-08T13:00:00Z",
        "last_paused_at": "2024-11-08T14:00:00Z",
        "first_stopped_at": "2024-11-08T15:00:00Z",
        "last_stopped_at": "2024-11-08T15:00:00Z",
        "scheduled_event_dates": {
          "ALLOW_INIT_REPORT": {
            "scheduled_at": "2024-11-08T10:00:00Z",
            "stopped_at": "-"
          },
          "ALLOW_VOTING_PERIOD_END": {
            "scheduled_at": "2024-11-08T14:30:00Z",
            "stopped_at": "-"
          },
          "START_VOTING_PERIOD": {
            "scheduled_at": "2024-11-08T11:00:00Z",
            "stopped_at": "-"
          },
          "END_VOTING_PERIOD": {
            "scheduled_at": "2024-11-08T11:30:00Z",
            "stopped_at": "-"
          },
          "START_ENROLLMENT_PERIOD": {
            "scheduled_at": "2024-11-08T12:00:00Z",
            "stopped_at": "-"
          },
          "END_ENROLLMENT_PERIOD": {
            "scheduled_at": "2024-11-08T12:30:00Z",
            "stopped_at": "-"
          },
          "START_LOCKDOWN_PERIOD": {
            "scheduled_at": "2024-11-08T13:00:00Z",
            "stopped_at": "-"
          },
          "END_LOCKDOWN_PERIOD": {
            "scheduled_at": "2024-11-08T13:30:00Z",
            "stopped_at": "-"
          }
        }
      },
      "election_annotations": {
        "geographical_region": "Asia/Pacific",
        "post": "Tokyo PE",
        "clustered_precint_id": "E1",
        "pollcenter_code": "90010001"
      },
      "area_annotations": {
        "registered_voters": "10000000"
      },
      "election_event_annotations": {},
      "contest": {
        "id": "1",
        "tenant_id": "1",
        "election_event_id": "1",
        "election_id": "1",
        "name": "Senate Election",
        "description": "Election for the Senators of the country.",
        "voting_type": "Ranked Choice",
        "counting_algorithm": "Instant Runoff",
        "min_votes": 1,
        "winning_candidates_num": 3,
        "is_encrypted": false,
        "candidates": [
          {
            "id": "1",
            "tenant_id": "1",
            "election_event_id": "1",
            "election_id": "",
            "contest_id": "1",
            "name": "Candidate A"
          },
          {
            "id": "2",
            "tenant_id": "1",
            "election_event_id": "1",
            "election_id": "",
            "contest_id": "1",
            "name": "Candidate B"
          },
          {
            "id": "3",
            "tenant_id": "1",
            "election_event_id": "1",
            "election_id": "",
            "contest_id": "1",
            "name": "Candidate C"
          }
        ],
        "max_votes": 2
      },
      "area": {
        "id": "1",
        "name": "National"
      },
      "is_aggregate": false,
      "tally_sheet_id": null,
      "contest_result": {
        "contest": {
          "id": "1",
          "tenant_id": "1",
          "election_event_id": "1",
          "election_id": "1",
          "name": "Senate Election",
          "description": "Election for the Senators of the country.",
          "voting_type": "Ranked Choice",
          "counting_algorithm": "Instant Runoff",
          "min_votes": 1,
          "winning_candidates_num": 3,
          "is_encrypted": false,
          "candidates": [
            {
              "id": "1",
              "tenant_id": "1",
              "election_event_id": "1",
              "election_id": "",
              "contest_id": "1",
              "name": "Candidate A"
            },
            {
              "id": "2",
              "tenant_id": "1",
              "election_event_id": "1",
              "election_id": "",
              "contest_id": "1",
              "name": "Candidate B"
            },
            {
              "id": "3",
              "tenant_id": "1",
              "election_event_id": "1",
              "election_id": "",
              "contest_id": "1",
              "name": "Candidate C"
            }
          ],
          "max_votes": 2
        },
        "census": 5000000,
        "percentage_census": 100.0,
        "auditable_votes": 4900000,
        "percentage_auditable_votes": 98.0,
        "total_votes": 4950000,
        "percentage_total_votes": 99.0,
        "total_valid_votes": 4800000,
        "percentage_total_valid_votes": 96.0,
        "total_blank_votes": 50000,
        "percentage_total_blank_votes": 1.0,
        "total_invalid_votes": 50000,
        "invalid_votes": {
          "explicit": 30000,
          "implicit": 20000
        },
        "percentage_total_invalid_votes": 1.0,
        "percentage_invalid_votes_explicit": 0.6,
        "percentage_invalid_votes_implicit": 0.4,
        "candidate_result": [
          {
            "candidate": {
              "id": "1",
              "tenant_id": "1",
              "election_event_id": "1",
              "election_id": "",
              "contest_id": "1",
              "name": "Candidate A"
            },
            "total_count": 2400000,
            "percentage_votes": 50.0,
            "winning_position": 1
          },
          {
            "candidate": {
              "id": "2",
              "tenant_id": "1",
              "election_event_id": "1",
              "election_id": "",
              "contest_id": "1",
              "name": "Candidate B"
            },
            "total_count": 1500000,
            "percentage_votes": 31.0,
            "winning_position": 2
          },
          {
            "candidate": {
              "id": "3",
              "tenant_id": "1",
              "election_event_id": "1",
              "election_id": "",
              "contest_id": "1",
              "name": "Candidate C"
            },
            "total_count": 900000,
            "percentage_votes": 19.0,
            "winning_position": 3
          },
          {
            "candidate": {
              "id": "4",
              "tenant_id": "1",
              "election_event_id": "1",
              "election_id": "",
              "contest_id": "1",
              "name": "Candidate D"
            },
            "total_count": 900000,
            "percentage_votes": 19.0,
            "winning_position": 3
          },
          {
            "candidate": {
              "id": "5",
              "tenant_id": "1",
              "election_event_id": "1",
              "election_id": "",
              "contest_id": "1",
              "name": "Candidate E"
            },
            "total_count": 900000,
            "percentage_votes": 19.0,
            "winning_position": 3
          }
        ]
      },
      "candidate_result": [
        {
          "candidate": {
            "id": "1",
            "tenant_id": "1",
            "election_event_id": "1",
            "election_id": "",
            "contest_id": "1",
            "name": "Candidate A"
          },
          "total_count": 2400000,
          "percentage_votes": 50.0,
          "winning_position": 1
        },
        {
          "candidate": {
            "id": "2",
            "tenant_id": "1",
            "election_event_id": "1",
            "election_id": "",
            "contest_id": "1",
            "name": "Candidate B"
          },
          "total_count": 1500000,
          "percentage_votes": 31.0,
          "winning_position": 2
        },
        {
          "candidate": {
            "id": "3",
            "tenant_id": "1",
            "election_event_id": "1",
            "election_id": "",
            "contest_id": "1",
            "name": "Candidate C"
          },
          "total_count": 900000,
          "percentage_votes": 19.0,
          "winning_position": 3
        }
      ],
      "channel_type": "Online Voting"
    },
    {
      "election_id": "1",
      "election_name": "NEW YORK PCG",
      "election_description": "",
      "area_annotations": {
        "registered_voters": "10000000"
      },
      "election_dates": {
        "first_started_at": "2024-11-08T00:00:00Z",
        "last_started_at": "2024-11-08T12:00:00Z",
        "first_paused_at": "2024-11-08T13:00:00Z",
        "last_paused_at": "2024-11-08T14:00:00Z",
        "first_stopped_at": "2024-11-08T15:00:00Z",
        "last_stopped_at": "2024-11-08T15:00:00Z",
        "scheduled_event_dates": {
          "ALLOW_INIT_REPORT": {
            "scheduled_at": "2024-11-08T10:00:00Z",
            "stopped_at": "-"
          },
          "ALLOW_VOTING_PERIOD_END": {
            "scheduled_at": "2024-11-08T14:30:00Z",
            "stopped_at": "-"
          },
          "START_VOTING_PERIOD": {
            "scheduled_at": "2024-11-08T11:00:00Z",
            "stopped_at": "-"
          },
          "END_VOTING_PERIOD": {
            "scheduled_at": "2024-11-08T11:30:00Z",
            "stopped_at": "-"
          },
          "START_ENROLLMENT_PERIOD": {
            "scheduled_at": "2024-11-08T12:00:00Z",
            "stopped_at": "-"
          },
          "END_ENROLLMENT_PERIOD": {
            "scheduled_at": "2024-11-08T12:30:00Z",
            "stopped_at": "-"
          },
          "START_LOCKDOWN_PERIOD": {
            "scheduled_at": "2024-11-08T13:00:00Z",
            "stopped_at": "-"
          },
          "END_LOCKDOWN_PERIOD": {
            "scheduled_at": "2024-11-08T13:30:00Z",
            "stopped_at": "-"
          }
        }
      },
      "election_annotations": {
        "geographical_region": "Asia/Pacific",
        "post": "New York PCG",
        "clustered_precint_id": "E1"
      },
      "election_event_annotations": {},
      "contest": {
        "id": "1",
        "tenant_id": "1",
        "election_event_id": "1",
        "election_id": "1",
        "name": "Senate Election",
        "description": "Election for the Senators of the country.",
        "voting_type": "Ranked Choice",
        "counting_algorithm": "Instant Runoff",
        "min_votes": 1,
        "winning_candidates_num": 2,
        "is_encrypted": false,
        "candidates": [
          {
            "id": "1",
            "tenant_id": "1",
            "election_event_id": "1",
            "election_id": "",
            "contest_id": "1",
            "name": "Candidate AA"
          },
          {
            "id": "2",
            "tenant_id": "1",
            "election_event_id": "1",
            "election_id": "",
            "contest_id": "1",
            "name": "Candidate BB"
          },
          {
            "id": "3",
            "tenant_id": "1",
            "election_event_id": "1",
            "election_id": "",
            "contest_id": "1",
            "name": "Candidate CC"
          }
        ],
        "max_votes": 2
      },
      "area": {
        "id": "1",
        "name": "National"
      },
      "is_aggregate": false,
      "tally_sheet_id": null,
      "contest_result": {
        "contest": {
          "id": "1",
          "tenant_id": "1",
          "election_event_id": "1",
          "election_id": "1",
          "name": "Presidential Election",
          "description": "Election for the next President of the country.",
          "voting_type": "Ranked Choice",
          "counting_algorithm": "Instant Runoff",
          "min_votes": 1,
          "winning_candidates_num": 3,
          "is_encrypted": false,
          "candidates": [
            {
              "id": "1",
              "tenant_id": "1",
              "election_event_id": "1",
              "election_id": "",
              "contest_id": "1",
              "name": "Candidate AA"
            },
            {
              "id": "2",
              "tenant_id": "1",
              "election_event_id": "1",
              "election_id": "",
              "contest_id": "1",
              "name": "Candidate BB"
            },
            {
              "id": "3",
              "tenant_id": "1",
              "election_event_id": "1",
              "election_id": "",
              "contest_id": "1",
              "name": "Candidate CC"
            }
          ],
          "max_votes": 2
        },
        "census": 5000000,
        "percentage_census": 100.0,
        "auditable_votes": 4900000,
        "percentage_auditable_votes": 98.0,
        "total_votes": 4950000,
        "percentage_total_votes": 99.0,
        "total_valid_votes": 4800000,
        "percentage_total_valid_votes": 96.0,
        "total_blank_votes": 50000,
        "percentage_total_blank_votes": 1.0,
        "total_invalid_votes": 50000,
        "invalid_votes": {
          "explicit": 30000,
          "implicit": 20000
        },
        "percentage_total_invalid_votes": 1.0,
        "percentage_invalid_votes_explicit": 0.6,
        "percentage_invalid_votes_implicit": 0.4,
        "candidate_result": [
          {
            "candidate": {
              "id": "1",
              "tenant_id": "1",
              "election_event_id": "1",
              "election_id": "",
              "contest_id": "1",
              "name": "Candidate AA"
            },
            "total_count": 240000,
            "percentage_votes": 50.0,
            "winning_position": 1
          },
          {
            "candidate": {
              "id": "2",
              "tenant_id": "1",
              "election_event_id": "1",
              "election_id": "",
              "contest_id": "1",
              "name": "Candidate BB"
            },
            "total_count": 150000,
            "percentage_votes": 31.0,
            "winning_position": 2
          },
          {
            "candidate": {
              "id": "3",
              "tenant_id": "1",
              "election_event_id": "1",
              "election_id": "",
              "contest_id": "1",
              "name": "Candidate CC"
            },
            "total_count": 90000,
            "percentage_votes": 19.0,
            "winning_position": null
          }
        ]
      },
      "candidate_result": [
        {
          "candidate": {
            "id": "1",
            "tenant_id": "1",
            "election_event_id": "1",
            "election_id": "",
            "contest_id": "1",
            "name": "Candidate AA"
          },
          "total_count": 240000,
          "percentage_votes": 50.0,
          "winning_position": 1
        },
        {
          "candidate": {
            "id": "2",
            "tenant_id": "1",
            "election_event_id": "1",
            "election_id": "",
            "contest_id": "1",
            "name": "Candidate BB"
          },
          "total_count": 150000,
          "percentage_votes": 31.0,
          "winning_position": 2
        },
        {
          "candidate": {
            "id": "3",
            "tenant_id": "1",
            "election_event_id": "1",
            "election_id": "",
            "contest_id": "1",
            "name": "Candidate CC"
          },
          "total_count": 90000,
          "percentage_votes": 19.0,
          "winning_position": null
        }
      ],
      "channel_type": "Online Voting"
    }
  ]
}