{
    "execution_annotations": {
        "date_printed": "2024-10-09T14:30:00-04:00",
        "report_hash": "a1b2c3d4e5",
        "app_version": "1.0.0",
        "app_hash": "z9y8x7w6v5",
        "software_version": "1.0.0",
        "executer_username": "User"
    },
    "election_title": "Philippine Election 2024",
    "election_dates": {
        "first_started_at": "2024-11-08T00:00:00Z",
        "last_started_at": "2024-11-08T12:00:00Z",
        "first_paused_at": "2024-11-08T13:00:00Z",
        "last_paused_at": "2024-11-08T14:00:00Z",
        "first_stopped_at": "2024-11-08T15:00:00Z",
        "last_stopped_at": "2024-11-08T15:00:00Z",
        "scheduled_event_dates": {
            "ALLOW_INIT_REPORT": {
                "scheduled_at": "2024-11-08T10:00:00Z",
                "stopped_at": "-"
            },
            "ALLOW_VOTING_PERIOD_END": {
                "scheduled_at": "2024-11-08T14:30:00Z",
                "stopped_at": "-"
            },
            "START_VOTING_PERIOD": {
                "scheduled_at": "2024-11-08T11:00:00Z",
                "stopped_at": "-"
            },
            "END_VOTING_PERIOD": {
                "scheduled_at": "2024-11-08T11:30:00Z",
                "stopped_at": "-"
            },
            "START_ENROLLMENT_PERIOD": {
                "scheduled_at": "2024-11-08T12:00:00Z",
                "stopped_at": "-"
            },
            "END_ENROLLMENT_PERIOD": {
                "scheduled_at": "2024-11-08T12:30:00Z",
                "stopped_at": "-"
            },
            "START_LOCKDOWN_PERIOD": {
                "scheduled_at": "2024-11-08T13:00:00Z",
                "stopped_at": "-"
            },
            "END_LOCKDOWN_PERIOD": {
                "scheduled_at": "2024-11-08T13:30:00Z",
                "stopped_at": "-"
            }
        }
    },
    "overall_total": {
        "total_male_landbased": 3,
        "total_female_landbased": 3,
        "total_landbased": 1,
        "total_male_seafarer": 1,
        "total_female_seafarer": 1,
        "total_seafarer": 1,
        "total_male": 1,
        "total_female": 1,
        "overall_total": 1
    },
    "regions": [
        {
            "geographical_region": "Asia/Pacific",
            "posts": [
                {
                    "post": "New York PE",
                    "areas": [
                        {
                            "area_name": "United state of america",
                            "stats": {
                                "total_male_landbased": 3,
                                "total_female_landbased": 3,
                                "total_landbased": 1,
                                "total_male_seafarer": 1,
                                "total_female_seafarer": 1,
                                "total_seafarer": 1,
                                "total_male": 1,
                                "total_female": 1,
                                "overall_total": 1
                            }
                        }
                    ],
                    "stats": {
                        "total_male_landbased": 3,
                        "total_female_landbased": 3,
                        "total_landbased": 1,
                        "total_male_seafarer": 1,
                        "total_female_seafarer": 1,
                        "total_seafarer": 1,
                        "total_male": 1,
                        "total_female": 1,
                        "overall_total": 1
                    }
                }
            ],
            "stats": {
                "total_male_landbased": 3,
                "total_female_landbased": 3,
                "total_landbased": 1,
                "total_male_seafarer": 1,
                "total_female_seafarer": 1,
                "total_seafarer": 1,
                "total_male": 1,
                "total_female": 1,
                "overall_total": 1
            }
        }
    ]
}