{
  "execution_annotations": {
    "date_printed": "2024-10-09T14:30:00-04:00",
    "report_hash": "a1b2c3d4e5",
    "app_version": "1.0.0",
    "app_hash": "z9y8x7w6v5",
    "executer_username": "User",
    "software_version": "1.0.0"
  },
  "areas": [
    {
      "election_id": "a0c9be51-c7b0-4fba-a1e3-3f97c4deae4b",
      "area_id": "9a75844d-9935-46b7-8742-1b5e173dc51b",
      "election_title": "TOKYO PE - General Election",
      "election_dates": {
        "first_started_at": "2024-11-08T00:00:00Z",
        "last_started_at": "2024-11-08T12:00:00Z",
        "first_paused_at": "2024-11-08T13:00:00Z",
        "last_paused_at": "2024-11-08T14:00:00Z",
        "first_stopped_at": "2024-11-08T15:00:00Z",
        "last_stopped_at": "2024-11-08T15:00:00Z",
        "scheduled_event_dates": {
          "ALLOW_INIT_REPORT": {
            "scheduled_at": "2024-11-08T10:00:00Z",
            "stopped_at": "-"
          },
          "ALLOW_VOTING_PERIOD_END": {
            "scheduled_at": "2024-11-08T14:30:00Z",
            "stopped_at": "-"
          },
          "START_VOTING_PERIOD": {
            "scheduled_at": "2024-11-08T11:00:00Z",
            "stopped_at": "-"
          },
          "END_VOTING_PERIOD": {
            "scheduled_at": "2024-11-08T11:30:00Z",
            "stopped_at": "-"
          },
          "START_ENROLLMENT_PERIOD": {
            "scheduled_at": "2024-11-08T12:00:00Z",
            "stopped_at": "-"
          },
          "END_ENROLLMENT_PERIOD": {
            "scheduled_at": "2024-11-08T12:30:00Z",
            "stopped_at": "-"
          },
          "START_LOCKDOWN_PERIOD": {
            "scheduled_at": "2024-11-08T13:00:00Z",
            "stopped_at": "-"
          },
          "END_LOCKDOWN_PERIOD": {
            "scheduled_at": "2024-11-08T13:30:00Z",
            "stopped_at": "-"
          }
        }
      },
      "post": "Philippine Embassy, Tokyo",
      "area_name": "Japan",
      "voters": [
        {
          "last_name": "Anderson",
          "first_name": "Mark",
          "middle_name": "T.",
          "suffix": ""
        },
        {
          "last_name": "Baker",
          "first_name": "Sophia",
          "middle_name": "L.",
          "suffix": ""
        },
        {
          "last_name": "Clark",
          "first_name": "James",
          "middle_name": "D.",
          "suffix": ""
        },
        {
          "last_name": "Davis",
          "first_name": "Emma",
          "middle_name": "R.",
          "suffix": ""
        },
        {
          "last_name": "Evans",
          "first_name": "William",
          "middle_name": "C.",
          "suffix": ""
        },
        {
          "last_name": "Foster",
          "first_name": "Ava",
          "middle_name": "M.",
          "suffix": ""
        },
        {
          "last_name": "Garcia",
          "first_name": "Lucas",
          "middle_name": "E.",
          "suffix": ""
        },
        {
          "last_name": "Hill",
          "first_name": "Olivia",
          "middle_name": "P.",
          "suffix": ""
        },
        {
          "last_name": "Johnson",
          "first_name": "Mason",
          "middle_name": "A.",
          "suffix": ""
        },
        {
          "last_name": "King",
          "first_name": "Emily",
          "middle_name": "N.",
          "suffix": ""
        }
      ]
    }
  ]
}