{
  "execution_annotations": {
    "date_printed": "2024-10-09T14:30:00-04:00",
    "report_hash": "a1b2c3d4e5",
    "app_version": "1.0.0",
    "app_hash": "z9y8x7w6v5",
    "software_version": "1.0.0",
    "executer_username": "User"
  },
  "areas": [
    {
      "election_id": "a0c9be51-c7b0-4fba-a1e3-3f97c4deae4b",
      "area_id": "9a75844d-9935-46b7-8742-1b5e173dc51b",
      "election_title": "TOKYO PE - General Election",
      "election_dates": {
        "first_started_at": "2024-11-08T00:00:00Z",
        "last_started_at": "2024-11-08T12:00:00Z",
        "first_paused_at": "2024-11-08T13:00:00Z",
        "last_paused_at": "2024-11-08T14:00:00Z",
        "first_stopped_at": "2024-11-08T15:00:00Z",
        "last_stopped_at": "2024-11-08T15:00:00Z",
        "scheduled_event_dates": {
          "ALLOW_INIT_REPORT": {
            "scheduled_at": "2024-11-08T10:00:00Z",
            "stopped_at": "-"
          },
          "ALLOW_VOTING_PERIOD_END": {
            "scheduled_at": "2024-11-08T14:30:00Z",
            "stopped_at": "-"
          },
          "START_VOTING_PERIOD": {
            "scheduled_at": "2024-11-08T11:00:00Z",
            "stopped_at": "-"
          },
          "END_VOTING_PERIOD": {
            "scheduled_at": "2024-11-08T11:30:00Z",
            "stopped_at": "-"
          },
          "START_ENROLLMENT_PERIOD": {
            "scheduled_at": "2024-11-08T12:00:00Z",
            "stopped_at": "-"
          },
          "END_ENROLLMENT_PERIOD": {
            "scheduled_at": "2024-11-08T12:30:00Z",
            "stopped_at": "-"
          },
          "START_LOCKDOWN_PERIOD": {
            "scheduled_at": "2024-11-08T13:00:00Z",
            "stopped_at": "-"
          },
          "END_LOCKDOWN_PERIOD": {
            "scheduled_at": "2024-11-08T13:30:00Z",
            "stopped_at": "-"
          }
        }
      },
      "post": "TOKYO",
      "area_name": "Japan",
      "voters": [
        {
          "number": 1,
          "last_name": "Anderson",
          "first_name": "Paul",
          "middle_name": "M.",
          "suffix": "",
          "id": "NYC12345",
          "status": "Voted",
          "date_voted": "2024-05-02T08:45:00-04:00"
        },
        {
          "number": 2,
          "last_name": "Garcia",
          "first_name": "Maria",
          "middle_name": "L.",
          "suffix": "",
          "id": "NYC12346",
          "status": "Voted",
          "date_voted": "2024-05-03T09:30:00-04:00"
        },
        {
          "number": 3,
          "last_name": "Johnson",
          "first_name": "Michael",
          "middle_name": "T.",
          "suffix": "",
          "id": "NYC12347",
          "status": "Voted",
          "date_voted": "2024-05-04T10:15:00-04:00"
        },
        {
          "number": 4,
          "last_name": "Lee",
          "first_name": "Sophie",
          "middle_name": "K.",
          "suffix": "",
          "id": "NYC12348",
          "status": "Voted",
          "date_voted": "2024-05-04T11:00:00-04:00"
        },
        {
          "number": 5,
          "last_name": "Martinez",
          "first_name": "Carlos",
          "middle_name": "J.",
          "suffix": "",
          "id": "NYC12349",
          "status": "Voted",
          "date_voted": "2024-05-05T09:45:00-04:00"
        },
        {
          "number": 6,
          "last_name": "Kim",
          "first_name": "David",
          "middle_name": "H.",
          "suffix": "",
          "id": "NYC12350",
          "status": "Voted",
          "date_voted": "2024-05-05T10:30:00-04:00"
        },
        {
          "number": 7,
          "last_name": "Rodriguez",
          "first_name": "Anna",
          "middle_name": "V.",
          "suffix": "",
          "id": "NYC12351",
          "status": "Voted",
          "date_voted": "2024-05-06T11:15:00-04:00"
        },
        {
          "number": 8,
          "last_name": "Nguyen",
          "first_name": "Christopher",
          "middle_name": "Q.",
          "suffix": "",
          "id": "NYC12352",
          "status": "Voted",
          "date_voted": "2024-05-07T08:30:00-04:00"
        },
        {
          "number": 9,
          "last_name": "Perez",
          "first_name": "Isabella",
          "middle_name": "F.",
          "suffix": "",
          "id": "NYC12353",
          "status": "Voted",
          "date_voted": "2024-05-08T09:00:00-04:00"
        },
        {
          "number": 10,
          "last_name": "Hernandez",
          "first_name": "Luis",
          "middle_name": "R.",
          "suffix": "",
          "id": "NYC12354",
          "status": "Voted",
          "date_voted": "2024-05-09T10:00:00-04:00"
        }
      ],
      "voted": 10,
      "not_voted": 0,
      "not_pre_enrolled": 0,
      "voting_privilege_voted": 0,
      "total": 10
    }
  ]
}