{
  "pdf_options": {
    "landscape": null,
    "display_header_footer": null,
    "print_background": true,
    "scale": null,
    "paper_width": null,
    "paper_height": null,
    "margin_top": null,
    "margin_bottom": null,
    "margin_left": null,
    "margin_right": null,
    "page_ranges": null,
    "ignore_invalid_page_ranges": null,
    "header_template": null,
    "footer_template": null,
    "prefer_css_page_size": null,
    "transfer_mode": null
  },
  "report_options": {
    "max_items_per_report": null,
    "max_threads": null
  },  
  "communication_templates": {
    "email_config": {
      "subject": "Sequent Online Voting - OV Users",
      "plaintext_body": "",
      "html_body": null
    },
    "sms_config": {
      "message": ""
    }
  }
}
