{
  "execution_annotations": {
    "date_printed": "2024-10-09T14:30:00-04:00",
    "report_hash": "a1b2c3d4e5",
    "software_version": "1.0.0",
    "app_version": "2.3.4",
    "app_hash": "z9y8x7w6v5",
    "executer_username":"User"
  },
  "areas": [
    {
      "election_id": "a0c9be51-c7b0-4fba-a1e3-3f97c4deae4b",
      "area_id": "9a75844d-9935-46b7-8742-1b5e173dc51b",
      "election_title": "National Elections",
      "election_dates": {
        "first_started_at": "2024-11-08T00:00:00Z",
        "last_started_at": "2024-11-08T12:00:00Z",
        "first_paused_at": "2024-11-08T13:00:00Z",
        "last_paused_at": "2024-11-08T14:00:00Z",
        "first_stopped_at": "2024-11-08T15:00:00Z",
        "last_stopped_at": "2024-11-08T15:00:00Z",
        "scheduled_event_dates": {
          "ALLOW_INIT_REPORT": {
            "scheduled_at": "2024-11-08T10:00:00Z",
            "stopped_at": "-"
          },
          "ALLOW_VOTING_PERIOD_END": {
            "scheduled_at": "2024-11-08T14:30:00Z",
            "stopped_at": "-"
          },
          "START_VOTING_PERIOD": {
            "scheduled_at": "2024-11-08T11:00:00Z",
            "stopped_at": "-"
          },
          "END_VOTING_PERIOD": {
            "scheduled_at": "2024-11-08T11:30:00Z",
            "stopped_at": "-"
          },
          "START_ENROLLMENT_PERIOD": {
            "scheduled_at": "2024-11-08T12:00:00Z",
            "stopped_at": "-"
          },
          "END_ENROLLMENT_PERIOD": {
            "scheduled_at": "2024-11-08T12:30:00Z",
            "stopped_at": "-"
          },
          "START_LOCKDOWN_PERIOD": {
            "scheduled_at": "2024-11-08T13:00:00Z",
            "stopped_at": "-"
          },
          "END_LOCKDOWN_PERIOD": {
            "scheduled_at": "2024-11-08T13:30:00Z",
            "stopped_at": "-"
          }
        }
      },
      "post": "Washington D.C.",
      "area_name": "United States",
      "voters": [
        {
          "last_name": "Smith",
          "first_name": "John",
          "middle_name": "A.",
          "suffix": "",
          "id": "VOT12345",
          "date_voted": "2024-05-02T10:45:00-04:00"
        },
        {
          "last_name": "Doe",
          "first_name": "Jane",
          "middle_name": "B.",
          "suffix": "",
          "id": "VOT12346",
          "date_voted": "2024-05-03T10:45:00-04:00"
        },
        {
          "last_name": "Brown",
          "first_name": "Michael",
          "middle_name": "C.",
          "suffix": "",
          "id": "VOT12347",
          "date_voted": "2024-05-04T10:45:00-04:00"
        },
        {
          "last_name": "Taylor",
          "first_name": "Emily",
          "middle_name": "D.",
          "suffix": "",
          "id": "VOT12348",
          "date_voted": "2024-05-05T10:45:00-04:00"
        },
        {
          "last_name": "Davis",
          "first_name": "Chris",
          "middle_name": "E.",
          "suffix": "",
          "id": "VOT12349",
          "date_voted": "2024-05-05T10:45:00-04:00"
        },
        {
          "last_name": "Wilson",
          "first_name": "Anna",
          "middle_name": "F.",
          "suffix": "",
          "id": "VOT12350",
          "date_voted": "2024-05-06T10:45:00-04:00"
        },
        {
          "last_name": "Miller",
          "first_name": "David",
          "middle_name": "G.",
          "suffix": "",
          "id": "VOT12351",
          "date_voted": "2024-05-07T10:45:00-04:00"
        },
        {
          "last_name": "Lee",
          "first_name": "Sophia",
          "middle_name": "H.",
          "suffix": "",
          "id": "VOT12352",
          "date_voted": "2024-05-07T10:45:00-04:00"
        },
        {
          "last_name": "Martin",
          "first_name": "James",
          "middle_name": "I.",
          "suffix": "",
          "id": "VOT12353",
          "date_voted": "2024-05-08T10:45:00-04:00"
        },
        {
          "last_name": "Garcia",
          "first_name": "Olivia",
          "middle_name": "J.",
          "suffix": "",
          "id": "VOT12354",
          "date_voted": "2024-05-08T10:45:00-04:00"
        }
      ],
      "voted": 10,
      "not_voted": 0,
      "voting_privilege_voted": 0,
      "total": 10
    }
  ]
}