{
  "election_event_title": "National Elections",
  "execution_annotations": {
    "date_printed": "2024-10-09T14:30:00-04:00",
    "report_hash": "a1b2c3d4e5",
    "software_version": "1.0.0",
    "app_version": "2.3.4",
    "app_hash": "z9y8x7w6v5",
    "executer_username": "User"
  },
  "ovcs_downtime": 0,
  "elections": [
    {
      "election_name": "National Elections",
      "election_dates": {
        "first_started_at": "2024-11-08T00:00:00Z",
        "last_started_at": "2024-11-08T12:00:00Z",
        "first_paused_at": "2024-11-08T13:00:00Z",
        "last_paused_at": "2024-11-08T14:00:00Z",
        "first_stopped_at": "2024-11-08T15:00:00Z",
        "last_stopped_at": "2024-11-08T15:00:00Z",
        "scheduled_event_dates": {
          "ALLOW_INIT_REPORT": {
            "scheduled_at": "2024-11-08T10:00:00Z",
            "stopped_at": "-"
          },
          "ALLOW_VOTING_PERIOD_END": {
            "scheduled_at": "2024-11-08T14:30:00Z",
            "stopped_at": "-"
          },
          "START_VOTING_PERIOD": {
            "scheduled_at": "2024-11-08T11:00:00Z",
            "stopped_at": "-"
          },
          "END_VOTING_PERIOD": {
            "scheduled_at": "2024-11-08T11:30:00Z",
            "stopped_at": "-"
          },
          "START_ENROLLMENT_PERIOD": {
            "scheduled_at": "2024-11-08T12:00:00Z",
            "stopped_at": "-"
          },
          "END_ENROLLMENT_PERIOD": {
            "scheduled_at": "2024-11-08T12:30:00Z",
            "stopped_at": "-"
          },
          "START_LOCKDOWN_PERIOD": {
            "scheduled_at": "2024-11-08T13:00:00Z",
            "stopped_at": "-"
          },
          "END_LOCKDOWN_PERIOD": {
            "scheduled_at": "2024-11-08T13:30:00Z",
            "stopped_at": "-"
          }
        }
      }
    }
  ],
  "regions": [
    {
      "name": "North America",
      "events": [
        {
          "post": "Washington DC",
          "country": "United States",
          "testing_date": "2024-04-05T00:00:00-04:00",
          "initialization_date": "2024-04-06T08:00:00-04:00",
          "opening_date": "2024-04-10T09:00:00-04:00",
          "closing_date": "2024-05-10T18:00:00-04:00",
          "transmission_date": "2024-05-10T19:00:00-04:00",
          "transmission_status": "Successful",
          "remarks": "Smooth operations"
        },
        {
          "post": "New York",
          "country": "United States",
          "testing_date": "2024-04-07T00:00:00-04:00",
          "initialization_date": "2024-04-08T09:00:00-04:00",
          "opening_date": "2024-04-10T09:30:00-04:00",
          "closing_date": "2024-05-10T18:30:00-04:00",
          "transmission_date": "2024-05-10T19:30:00-04:00",
          "transmission_status": "Successful",
          "remarks": "No issues"
        },
        {
          "post": "Los Angeles",
          "country": "United States",
          "testing_date": "2024-04-05T00:00:00-04:00",
          "initialization_date": "2024-04-06T08:30:00-04:00",
          "opening_date": "2024-04-10T09:00:00-04:00",
          "closing_date": "2024-05-10T18:00:00-04:00",
          "transmission_date": "2024-05-10T19:00:00-04:00",
          "transmission_status": "Successful",
          "remarks": "All went well"
        }
      ]
    },
    {
      "name": "Europe",
      "events": [
        {
          "post": "London",
          "country": "United Kingdom",
          "testing_date": "2024-04-06T00:00:00-04:00",
          "initialization_date": "2024-04-07T10:00:00-04:00",
          "opening_date": "2024-04-10T10:00:00-04:00",
          "closing_date": "2024-05-10T19:00:00-04:00",
          "transmission_date": "2024-05-10T20:00:00-04:00",
          "transmission_status": "Successful",
          "remarks": "Everything on schedule"
        },
        {
          "post": "Paris",
          "country": "France",
          "testing_date": "2024-04-05T00:00:00-04:00",
          "initialization_date": "2024-04-06T09:30:00-04:00",
          "opening_date": "2024-04-10T09:00:00-04:00",
          "closing_date": "2024-05-10T18:00:00-04:00",
          "transmission_date": "2024-05-10T19:30:00-04:00",
          "transmission_status": "Successful",
          "remarks": "Good turnout"
        },
        {
          "post": "Berlin",
          "country": "Germany",
          "testing_date": "2024-04-06T00:00:00-04:00",
          "initialization_date": "2024-04-07T09:00:00-04:00",
          "opening_date": "2024-04-10T09:00:00-04:00",
          "closing_date": "2024-05-10T18:30:00-04:00",
          "transmission_date": "2024-05-10T19:30:00-04:00",
          "transmission_status": "Successful",
          "remarks": "No issues"
        }
      ]
    },
    {
      "name": "Asia",
      "events": [
        {
          "post": "Tokyo",
          "country": "Japan",
          "testing_date": "2024-04-06T00:00:00-04:00",
          "initialization_date": "2024-04-07T08:00:00-04:00",
          "opening_date": "2024-04-10T09:00:00-04:00",
          "closing_date": "2024-05-10T18:00:00-04:00",
          "transmission_date": "2024-05-10T19:00:00-04:00",
          "transmission_status": "Successful",
          "remarks": "High turnout"
        },
        {
          "post": "Beijing",
          "country": "China",
          "testing_date": "2024-04-05T00:00:00-04:00",
          "initialization_date": "2024-04-06T08:30:00-04:00",
          "opening_date": "2024-04-10T09:00:00-04:00",
          "closing_date": "2024-05-10T18:00:00-04:00",
          "transmission_date": "2024-05-10T19:30:00-04:00",
          "transmission_status": "Successful",
          "remarks": "Smooth process"
        },
        {
          "post": "Seoul",
          "country": "South Korea",
          "testing_date": "2024-04-07T00:00:00-04:00",
          "initialization_date": "2024-04-08T08:00:00-04:00",
          "opening_date": "2024-04-10T09:00:00-04:00",
          "closing_date": "2024-05-10T18:00:00-04:00",
          "transmission_date": "2024-05-10T19:00:00-04:00",
          "transmission_status": "Successful",
          "remarks": "No problems"
        }
      ]
    },
    {
      "name": "Oceania",
      "events": [
        {
          "post": "Sydney",
          "country": "Australia",
          "testing_date": "2024-04-06T00:00:00-04:00",
          "initialization_date": "2024-04-07T08:30:00-04:00",
          "opening_date": "2024-04-10T09:00:00-04:00",
          "closing_date": "2024-05-10T18:00:00-04:00",
          "transmission_date": "2024-05-10T19:00:00-04:00",
          "transmission_status": "Successful",
          "remarks": "No issues"
        },
        {
          "post": "Melbourne",
          "country": "Australia",
          "testing_date": "2024-04-05T00:00:00-04:00",
          "initialization_date": "2024-04-06T08:00:00-04:00",
          "opening_date": "2024-04-10T09:00:00-04:00",
          "closing_date": "2024-05-10T18:00:00-04:00",
          "transmission_date": "2024-05-10T19:00:00-04:00",
          "transmission_status": "Successful",
          "remarks": "Smooth process"
        },
        {
          "post": "Auckland",
          "country": "New Zealand",
          "testing_date": "2024-04-07T00:00:00-04:00",
          "initialization_date": "2024-04-08T08:00:00-04:00",
          "opening_date": "2024-04-10T09:00:00-04:00",
          "closing_date": "2024-05-10T18:00:00-04:00",
          "transmission_date": "2024-05-10T19:00:00-04:00",
          "transmission_status": "Successful",
          "remarks": "No issues"
        }
      ]
    },
    {
      "name": "Africa",
      "events": [
        {
          "post": "Cairo",
          "country": "Egypt",
          "testing_date": "2024-04-06T00:00:00-04:00",
          "initialization_date": "2024-04-07T08:30:00-04:00",
          "opening_date": "2024-04-10T09:00:00-04:00",
          "closing_date": "2024-05-10T18:00:00-04:00",
          "transmission_date": "2024-05-10T19:00:00-04:00",
          "transmission_status": "Successful",
          "remarks": "Good turnout"
        },
        {
          "post": "Nairobi",
          "country": "Kenya",
          "testing_date": "2024-04-05T00:00:00-04:00",
          "initialization_date": "2024-04-06T08:00:00-04:00",
          "opening_date": "2024-04-10T09:00:00-04:00",
          "closing_date": "2024-05-10T18:00:00-04:00",
          "transmission_date": "2024-05-10T19:00:00-04:00",
          "transmission_status": "Successful",
          "remarks": "Smooth process"
        },
        {
          "post": "Johannesburg",
          "country": "South Africa",
          "testing_date": "2024-04-08T08:00:00-04:00",
          "initialization_date": "2024-04-08T08:00:00-04:00",
          "opening_date": "2024-04-10T09:00:00-04:00",
          "closing_date": "2024-05-10T18:00:00-04:00",
          "transmission_date": "2024-05-10T19:00:00-04:00",
          "transmission_status": "Successful",
          "remarks": "No issues"
        }
      ]
    }
  ]
}