{
    "extra_data": {
        "title": "Vote Receipt"
    },
    "data": {
        "execution_annotations": {
            "date_printed": "2024-10-09T14:30:00-04:00",
            "report_hash":"a1b2c-3d4e5f-6g7h8a",
            "app_hash": "e345de",
            "app_version": "6.0.1-rc.7"
        },
        "ballot_data": [
            {
                "id": "000000001",
                "encoded_vote": "2",
                "is_invalid": false,
                "is_blank": false,
                "contest_choices": [
                    {
                        "contest": {
                            "id": "1",
                            "tenant_id": "1",
                            "election_event_id": "1",
                            "election_id": "1",
                            "name": "Senate Election",
                            "description": "Election for the Senators of the country.",
                            "voting_type": "Ranked Choice",
                            "counting_algorithm": "Instant Runoff",
                            "min_votes": 1,
                            "winning_candidates_num": 3,
                            "is_encrypted": false,
                            "candidates": [
                                {
                                    "id": "1",
                                    "tenant_id": "1",
                                    "election_event_id": "1",
                                    "election_id": "",
                                    "contest_id": "1",
                                    "name": "Candidate A"
                                },
                                {
                                    "id": "2",
                                    "tenant_id": "1",
                                    "election_event_id": "1",
                                    "election_id": "",
                                    "contest_id": "1",
                                    "name": "Candidate B"
                                },
                                {
                                    "id": "3",
                                    "tenant_id": "1",
                                    "election_event_id": "1",
                                    "election_id": "",
                                    "contest_id": "1",
                                    "name": "Candidate C"
                                }
                            ],
                            "max_votes": 2
                        },
                        "decoded_choices": [
                            {
                                "choice": {
                                    "id": "1",
                                    "selected": -1,
                                    "write_in_text": ""
                                },
                                "candidate": {
                                    "id": "1",
                                    "tenant_id": "1",
                                    "election_event_id": "1",
                                    "election_id": "",
                                    "contest_id": "1",
                                    "name": "Candidate A"
                                }
                            },
                            {
                                "choice": {
                                    "id": "2",
                                    "selected": 1,
                                    "write_in_text": ""
                                },
                                "candidate": {
                                    "id": "2",
                                    "tenant_id": "1",
                                    "election_event_id": "1",
                                    "election_id": "",
                                    "contest_id": "1",
                                    "name": "Candidate B"
                                }
                            }
                        ],
                        "undervotes": 0,
                        "overvotes": 0
                    }
                ]
            },
              {
                "id": "000000002",
                "encoded_vote": "2",
                "is_invalid": false,
                "is_blank": false,
                "contest_choices": [
                    {
                        "contest": {
                            "id": "1",
                            "tenant_id": "1",
                            "election_event_id": "1",
                            "election_id": "1",
                            "name": "Senate Election",
                            "description": "Election for the Senators of the country.",
                            "voting_type": "Ranked Choice",
                            "counting_algorithm": "Instant Runoff",
                            "min_votes": 1,
                            "winning_candidates_num": 3,
                            "is_encrypted": false,
                            "candidates": [
                                {
                                    "id": "1",
                                    "tenant_id": "1",
                                    "election_event_id": "1",
                                    "election_id": "",
                                    "contest_id": "1",
                                    "name": "Candidate A"
                                },
                                {
                                    "id": "2",
                                    "tenant_id": "1",
                                    "election_event_id": "1",
                                    "election_id": "",
                                    "contest_id": "1",
                                    "name": "Candidate B"
                                },
                                {
                                    "id": "3",
                                    "tenant_id": "1",
                                    "election_event_id": "1",
                                    "election_id": "",
                                    "contest_id": "1",
                                    "name": "Candidate C"
                                }
                            ],
                            "max_votes": 2
                        },
                        "decoded_choices": [
                            {
                                "choice": {
                                    "id": "1",
                                    "selected": 1,
                                    "write_in_text": ""
                                },
                                "candidate": {
                                    "id": "1",
                                    "tenant_id": "1",
                                    "election_event_id": "1",
                                    "election_id": "",
                                    "contest_id": "1",
                                    "name": "Candidate A"
                                }
                            },
                            {
                                "choice": {
                                    "id": "2",
                                    "selected": 1,
                                    "write_in_text": ""
                                },
                                "candidate": {
                                    "id": "2",
                                    "tenant_id": "1",
                                    "election_event_id": "1",
                                    "election_id": "",
                                    "contest_id": "1",
                                    "name": "Candidate C"
                                }
                            }
                        ],
                        "undervotes": 0,
                        "overvotes": 0
                    }
                ]
            }
        ],
        "election_name": "TOKYO - General Election",
        "area": "United States Of America",
        "election_dates": {
            "first_started_at": "2024-11-08T00:00:00Z",
            "last_started_at": "2024-11-08T12:00:00Z",
            "first_paused_at": "2024-11-08T13:00:00Z",
            "last_paused_at": "2024-11-08T14:00:00Z",
            "first_stopped_at": "2024-11-08T15:00:00Z",
            "last_stopped_at": "2024-11-08T15:00:00Z",
            "scheduled_event_dates": {
                "ALLOW_INIT_REPORT": {
                    "scheduled_at": "2024-11-08T10:00:00Z",
                    "stopped_at": "-"
                },
                "ALLOW_VOTING_PERIOD_END": {
                    "scheduled_at": "2024-11-08T14:30:00Z",
                    "stopped_at": "-"
                },
                "START_VOTING_PERIOD": {
                    "scheduled_at": "2024-11-08T11:00:00Z",
                    "stopped_at": "-"
                },
                "END_VOTING_PERIOD": {
                    "scheduled_at": "2024-11-08T11:30:00Z",
                    "stopped_at": "-"
                },
                "START_ENROLLMENT_PERIOD": {
                    "scheduled_at": "2024-11-08T12:00:00Z",
                    "stopped_at": "-"
                },
                "END_ENROLLMENT_PERIOD": {
                    "scheduled_at": "2024-11-08T12:30:00Z",
                    "stopped_at": "-"
                },
                "START_LOCKDOWN_PERIOD": {
                    "scheduled_at": "2024-11-08T13:00:00Z",
                    "stopped_at": "-"
                },
                "END_LOCKDOWN_PERIOD": {
                    "scheduled_at": "2024-11-08T13:30:00Z",
                    "stopped_at": "-"
                }
            }
        },
        "election_annotations": {
            "geographical_region": "Asia/Pacific",
            "post": "Bangkok PE",
            "clustered_precint_id": "E1",
            "pollcenter_code":"12345678"
        }
    }
}